firstName,lastName,username,password,UID
James,Smith,jamessmith,example,0001
Mary,Brown,marybrown,example,0002
John,Miller,johnmiller,example,0003
Patricia,Martinez,patriciamartinez,example,0004
Robert,Gonzalez,robertgonzalez,example,0005
Jennifer,Thomas,jenniferthomas,example,0006
Michael,Jackson,michaeljackson,example,0007
Linda,Perez,lindaperez,example,0008
William,Harris,williamharris,example,0009
Elizabeth,Ramirez,elizabethramirez,example,0010
David,Walker,davidwalker,example,0011
Barbara,King,barbaraking,example,0012
Richard,Torres,richardtorres,example,0013
Susan,Flores,susanflores,example,0014
Joseph,Nelson,josephnelson,example,0015
Jessica,Rivera,jessicarivera,example,0016
Thomas,Carter,thomascarter,example,0017
Sarah,Phillips,sarahphillips,example,0018
Charles,Diaz,charlesdiaz,example,0019
Karen,Edwards,karenedwards,example,0020
Christopher,Stewart,christopherstewart,example,0021
Nancy,Murphy,nancymurphy,example,0022
Daniel,Gutierrez,danielgutierrez,example,0023
Lisa,Cooper,lisacooper,example,0024
Matthew,Reed,matthewreed,example,0025
Betty,Ramos,bettyramos,example,0026
Anthony,Ward,anthonyward,example,0027
Margaret,Brooks,margaretbrooks,example,0028
Mark,James,markjames,example,0029
Sandra,Mendoza,sandramendoza,example,0030
Donald,Price,donaldprice,example,0031
Ashley,Sanders,ashleysanders,example,0032
Steven,Long,stevenlong,example,0033
Kimberly,Jimenez,kimberlyjimenez,example,0034
Paul,Williams,paulwilliams,example,0035
Emily,Garcia,emilygarcia,example,0036
Andrew,Rodriguez,andrewrodriguez,example,0037
Donna,Lopez,donnalopez,example,0038
Joshua,Anderson,joshuaanderson,example,0039
Michelle,Moore,michellemoore,example,0040
Kenneth,Lee,kennethlee,example,0041
Dorothy,White,dorothywhite,example,0042
Kevin,Clark,kevinclark,example,0043
Carol,Robinson,carolrobinson,example,0044
Brian,Allen,brianallen,example,0045
Amanda,Scott,amandascott,example,0046
George,Hill,georgehill,example,0047
Melissa,Adams,melissaadams,example,0048
Edward,Hall,edwardhall,example,0049
Deborah,Mitchell,deborahmitchell,example,0050
Ronald,Gomez,ronaldgomez,example,0051
Stephanie,Turner,stephanieturner,example,0052
Timothy,Cruz,timothycruz,example,0053
Rebecca,Reyes,rebeccareyes,example,0054
Jason,Morales,jasonmorales,example,0055
Sharon,Rogers,sharonrogers,example,0056
Jeffrey,Morgan,jeffreymorgan,example,0057
Laura,Bailey,laurabailey,example,0058
Ryan,Howard,ryanhoward,example,0059
Cynthia,Cox,cynthiacox,example,0060
Jacob,Watson,jacobwatson,example,0061
Kathleen,Wood,kathleenwood,example,0062
Gary,Gray,garygray,example,0063
Amy,Hughes,amyhughes,example,0064
Nicholas,Castillo,nicholascastillo,example,0065
Shirley,Myers,shirleymyers,example,0066
Eric,Foster,ericfoster,example,0067
Angela,Johnson,angelajohnson,example,0068
Stephen,Jones,stephenjones,example,0069
Helen,Davis,helendavis,example,0070
Jonathan,Hernandez,jonathanhernandez,example,0071
Anna,Wilson,annawilson,example,0072
Larry,Taylor,larrytaylor,example,0073
Brenda,Martin,brendamartin,example,0074
Justin,Thompson,justinthompson,example,0075
Pamela,Sanchez,pamelasanchez,example,0076
Scott,Lewis,scottlewis,example,0077
Nicole,Young,nicoleyoung,example,0078
Brandon,Wright,brandonwright,example,0079
Ruth,Nguyen,ruthnguyen,example,0080
Benjamin,Green,benjamingreen,example,0081
Katherine,Baker,katherinebaker,example,0082
Samuel,Campbell,samuelcampbell,example,0083
Samantha,Roberts,samantharoberts,example,0084
Frank,Evans,frankevans,example,0085
Christine,Parker,christineparker,example,0086
Gregory,Collins,gregorycollins,example,0087
Catherine,Morris,catherinemorris,example,0088
Alexander,Cook,alexandercook,example,0089
Virginia,Ortiz,virginiaortiz,example,0090
Raymond,Peterson,raymondpeterson,example,0091
Debra,Kelly,debrakelly,example,0092
Patrick,Kim,patrickkim,example,0093
Rachel,Richardson,rachelrichardson,example,0094
Jack,Chavez,jackchavez,example,0095
Carolyn,Bennett,carolynbennett,example,0096
Dennis,Ruiz,dennisruiz,example,0097
Janet,Alvarez,janetalvarez,example,0098
Jerry,Patel,jerrypatel,example,0099
Maria,Ross,mariaross,example,0100
James,Smith,jamessmith1,example,0101
Mary,Brown,marybrown1,example,0102
John,Miller,johnmiller1,example,0103
Patricia,Martinez,patriciamartinez1,example,0104
Robert,Gonzalez,robertgonzalez1,example,0105
Jennifer,Thomas,jenniferthomas1,example,0106
Michael,Jackson,michaeljackson1,example,0107
Linda,Perez,lindaperez1,example,0108
William,Harris,williamharris1,example,0109
Elizabeth,Ramirez,elizabethramirez1,example,0110
David,Walker,davidwalker1,example,0111
Barbara,King,barbaraking1,example,0112
Richard,Torres,richardtorres1,example,0113
Susan,Flores,susanflores1,example,0114
Joseph,Nelson,josephnelson1,example,0115
Jessica,Rivera,jessicarivera1,example,0116
Thomas,Carter,thomascarter1,example,0117
Sarah,Phillips,sarahphillips1,example,0118
Charles,Diaz,charlesdiaz1,example,0119
Karen,Edwards,karenedwards1,example,0120
Christopher,Stewart,christopherstewart1,example,0121
Nancy,Murphy,nancymurphy1,example,0122
Daniel,Gutierrez,danielgutierrez1,example,0123
Lisa,Cooper,lisacooper1,example,0124
Matthew,Reed,matthewreed1,example,0125
Betty,Ramos,bettyramos1,example,0126
Anthony,Ward,anthonyward1,example,0127
Margaret,Brooks,margaretbrooks1,example,0128
Mark,James,markjames1,example,0129
Sandra,Mendoza,sandramendoza1,example,0130
Donald,Price,donaldprice1,example,0131
Ashley,Sanders,ashleysanders1,example,0132
Steven,Long,stevenlong1,example,0133
Kimberly,Jimenez,kimberlyjimenez1,example,0134
Paul,Williams,paulwilliams1,example,0135
Emily,Garcia,emilygarcia1,example,0136
Andrew,Rodriguez,andrewrodriguez1,example,0137
Donna,Lopez,donnalopez1,example,0138
Joshua,Anderson,joshuaanderson1,example,0139
Michelle,Moore,michellemoore1,example,0140
Kenneth,Lee,kennethlee1,example,0141
Dorothy,White,dorothywhite1,example,0142
Kevin,Clark,kevinclark1,example,0143
Carol,Robinson,carolrobinson1,example,0144
Brian,Allen,brianallen1,example,0145
Amanda,Scott,amandascott1,example,0146
George,Hill,georgehill1,example,0147
Melissa,Adams,melissaadams1,example,0148
Edward,Hall,edwardhall1,example,0149
Deborah,Mitchell,deborahmitchell1,example,0150
Ronald,Gomez,ronaldgomez1,example,0151
Stephanie,Turner,stephanieturner1,example,0152
Timothy,Cruz,timothycruz1,example,0153
Rebecca,Reyes,rebeccareyes1,example,0154
Jason,Morales,jasonmorales1,example,0155
Sharon,Rogers,sharonrogers1,example,0156
Jeffrey,Morgan,jeffreymorgan1,example,0157
Laura,Bailey,laurabailey1,example,0158
Ryan,Howard,ryanhoward1,example,0159
Cynthia,Cox,cynthiacox1,example,0160
Jacob,Watson,jacobwatson1,example,0161
Kathleen,Wood,kathleenwood1,example,0162
Gary,Gray,garygray1,example,0163
Amy,Hughes,amyhughes1,example,0164
Nicholas,Castillo,nicholascastillo1,example,0165
Shirley,Myers,shirleymyers1,example,0166
Eric,Foster,ericfoster1,example,0167
Angela,Johnson,angelajohnson1,example,0168
Stephen,Jones,stephenjones1,example,0169
Helen,Davis,helendavis1,example,0170
Jonathan,Hernandez,jonathanhernandez1,example,0171
Anna,Wilson,annawilson1,example,0172
Larry,Taylor,larrytaylor1,example,0173
Brenda,Martin,brendamartin1,example,0174
Justin,Thompson,justinthompson1,example,0175
Pamela,Sanchez,pamelasanchez1,example,0176
Scott,Lewis,scottlewis1,example,0177
Nicole,Young,nicoleyoung1,example,0178
Brandon,Wright,brandonwright1,example,0179
Ruth,Nguyen,ruthnguyen1,example,0180
Benjamin,Green,benjamingreen1,example,0181
Katherine,Baker,katherinebaker1,example,0182
Samuel,Campbell,samuelcampbell1,example,0183
Samantha,Roberts,samantharoberts1,example,0184
Frank,Evans,frankevans1,example,0185
Christine,Parker,christineparker1,example,0186
Gregory,Collins,gregorycollins1,example,0187
Catherine,Morris,catherinemorris1,example,0188
Alexander,Cook,alexandercook1,example,0189
Virginia,Ortiz,virginiaortiz1,example,0190
Raymond,Peterson,raymondpeterson1,example,0191
Debra,Kelly,debrakelly1,example,0192
Patrick,Kim,patrickkim1,example,0193
Rachel,Richardson,rachelrichardson1,example,0194
Jack,Chavez,jackchavez1,example,0195
Carolyn,Bennett,carolynbennett1,example,0196
Dennis,Ruiz,dennisruiz1,example,0197
Janet,Alvarez,janetalvarez1,example,0198
Jerry,Patel,jerrypatel1,example,0199
Maria,Ross,mariaross1,example,0200
James,Smith,jamessmith2,example,0201
Mary,Brown,marybrown2,example,0202
John,Miller,johnmiller2,example,0203
Patricia,Martinez,patriciamartinez2,example,0204
Robert,Gonzalez,robertgonzalez2,example,0205
Jennifer,Thomas,jenniferthomas2,example,0206
Michael,Jackson,michaeljackson2,example,0207
Linda,Perez,lindaperez2,example,0208
William,Harris,williamharris2,example,0209
Elizabeth,Ramirez,elizabethramirez2,example,0210
David,Walker,davidwalker2,example,0211
Barbara,King,barbaraking2,example,0212
Richard,Torres,richardtorres2,example,0213
Susan,Flores,susanflores2,example,0214
Joseph,Nelson,josephnelson2,example,0215
Jessica,Rivera,jessicarivera2,example,0216
Thomas,Carter,thomascarter2,example,0217
Sarah,Phillips,sarahphillips2,example,0218
Charles,Diaz,charlesdiaz2,example,0219
Karen,Edwards,karenedwards2,example,0220
Christopher,Stewart,christopherstewart2,example,0221
Nancy,Murphy,nancymurphy2,example,0222
Daniel,Gutierrez,danielgutierrez2,example,0223
Lisa,Cooper,lisacooper2,example,0224
Matthew,Reed,matthewreed2,example,0225
Betty,Ramos,bettyramos2,example,0226
Anthony,Ward,anthonyward2,example,0227
Margaret,Brooks,margaretbrooks2,example,0228
Mark,James,markjames2,example,0229
Sandra,Mendoza,sandramendoza2,example,0230
Donald,Price,donaldprice2,example,0231
Ashley,Sanders,ashleysanders2,example,0232
Steven,Long,stevenlong2,example,0233
Kimberly,Jimenez,kimberlyjimenez2,example,0234
Paul,Williams,paulwilliams2,example,0235
Emily,Garcia,emilygarcia2,example,0236
Andrew,Rodriguez,andrewrodriguez2,example,0237
Donna,Lopez,donnalopez2,example,0238
Joshua,Anderson,joshuaanderson2,example,0239
Michelle,Moore,michellemoore2,example,0240
Kenneth,Lee,kennethlee2,example,0241
Dorothy,White,dorothywhite2,example,0242
Kevin,Clark,kevinclark2,example,0243
Carol,Robinson,carolrobinson2,example,0244
Brian,Allen,brianallen2,example,0245
Amanda,Scott,amandascott2,example,0246
George,Hill,georgehill2,example,0247
Melissa,Adams,melissaadams2,example,0248
Edward,Hall,edwardhall2,example,0249
Deborah,Mitchell,deborahmitchell2,example,0250
Ronald,Gomez,ronaldgomez2,example,0251
Stephanie,Turner,stephanieturner2,example,0252
Timothy,Cruz,timothycruz2,example,0253
Rebecca,Reyes,rebeccareyes2,example,0254
Jason,Morales,jasonmorales2,example,0255
Sharon,Rogers,sharonrogers2,example,0256
Jeffrey,Morgan,jeffreymorgan2,example,0257
Laura,Bailey,laurabailey2,example,0258
Ryan,Howard,ryanhoward2,example,0259
Cynthia,Cox,cynthiacox2,example,0260
Jacob,Watson,jacobwatson2,example,0261
Kathleen,Wood,kathleenwood2,example,0262
Gary,Gray,garygray2,example,0263
Amy,Hughes,amyhughes2,example,0264
Nicholas,Castillo,nicholascastillo2,example,0265
Shirley,Myers,shirleymyers2,example,0266
Eric,Foster,ericfoster2,example,0267
Angela,Johnson,angelajohnson2,example,0268
Stephen,Jones,stephenjones2,example,0269
Helen,Davis,helendavis2,example,0270
Jonathan,Hernandez,jonathanhernandez2,example,0271
Anna,Wilson,annawilson2,example,0272
Larry,Taylor,larrytaylor2,example,0273
Brenda,Martin,brendamartin2,example,0274
Justin,Thompson,justinthompson2,example,0275
Pamela,Sanchez,pamelasanchez2,example,0276
Scott,Lewis,scottlewis2,example,0277
Nicole,Young,nicoleyoung2,example,0278
Brandon,Wright,brandonwright2,example,0279
Ruth,Nguyen,ruthnguyen2,example,0280
Benjamin,Green,benjamingreen2,example,0281
Katherine,Baker,katherinebaker2,example,0282
Samuel,Campbell,samuelcampbell2,example,0283
Samantha,Roberts,samantharoberts2,example,0284
Frank,Evans,frankevans2,example,0285
Christine,Parker,christineparker2,example,0286
Gregory,Collins,gregorycollins2,example,0287
Catherine,Morris,catherinemorris2,example,0288
Alexander,Cook,alexandercook2,example,0289
Virginia,Ortiz,virginiaortiz2,example,0290
Raymond,Peterson,raymondpeterson2,example,0291
Debra,Kelly,debrakelly2,example,0292
Patrick,Kim,patrickkim2,example,0293
Rachel,Richardson,rachelrichardson2,example,0294
Jack,Chavez,jackchavez2,example,0295
Carolyn,Bennett,carolynbennett2,example,0296
Dennis,Ruiz,dennisruiz2,example,0297
Janet,Alvarez,janetalvarez2,example,0298
Jerry,Patel,jerrypatel2,example,0299
Maria,Ross,mariaross2,example,0300
James,Smith,jamessmith3,example,0301
Mary,Brown,marybrown3,example,0302
John,Miller,johnmiller3,example,0303
Patricia,Martinez,patriciamartinez3,example,0304
Robert,Gonzalez,robertgonzalez3,example,0305
Jennifer,Thomas,jenniferthomas3,example,0306
Michael,Jackson,michaeljackson3,example,0307
Linda,Perez,lindaperez3,example,0308
William,Harris,williamharris3,example,0309
Elizabeth,Ramirez,elizabethramirez3,example,0310
David,Walker,davidwalker3,example,0311
Barbara,King,barbaraking3,example,0312
Richard,Torres,richardtorres3,example,0313
Susan,Flores,susanflores3,example,0314
Joseph,Nelson,josephnelson3,example,0315
Jessica,Rivera,jessicarivera3,example,0316
Thomas,Carter,thomascarter3,example,0317
Sarah,Phillips,sarahphillips3,example,0318
Charles,Diaz,charlesdiaz3,example,0319
Karen,Edwards,karenedwards3,example,0320
Christopher,Stewart,christopherstewart3,example,0321
Nancy,Murphy,nancymurphy3,example,0322
Daniel,Gutierrez,danielgutierrez3,example,0323
Lisa,Cooper,lisacooper3,example,0324
Matthew,Reed,matthewreed3,example,0325
Betty,Ramos,bettyramos3,example,0326
Anthony,Ward,anthonyward3,example,0327
Margaret,Brooks,margaretbrooks3,example,0328
Mark,James,markjames3,example,0329
Sandra,Mendoza,sandramendoza3,example,0330
Donald,Price,donaldprice3,example,0331
Ashley,Sanders,ashleysanders3,example,0332
Steven,Long,stevenlong3,example,0333
Kimberly,Jimenez,kimberlyjimenez3,example,0334
Paul,Williams,paulwilliams3,example,0335
Emily,Garcia,emilygarcia3,example,0336
Andrew,Rodriguez,andrewrodriguez3,example,0337
Donna,Lopez,donnalopez3,example,0338
Joshua,Anderson,joshuaanderson3,example,0339
Michelle,Moore,michellemoore3,example,0340
Kenneth,Lee,kennethlee3,example,0341
Dorothy,White,dorothywhite3,example,0342
Kevin,Clark,kevinclark3,example,0343
Carol,Robinson,carolrobinson3,example,0344
Brian,Allen,brianallen3,example,0345
Amanda,Scott,amandascott3,example,0346
George,Hill,georgehill3,example,0347
Melissa,Adams,melissaadams3,example,0348
Edward,Hall,edwardhall3,example,0349
Deborah,Mitchell,deborahmitchell3,example,0350
Ronald,Gomez,ronaldgomez3,example,0351
Stephanie,Turner,stephanieturner3,example,0352
Timothy,Cruz,timothycruz3,example,0353
Rebecca,Reyes,rebeccareyes3,example,0354
Jason,Morales,jasonmorales3,example,0355
Sharon,Rogers,sharonrogers3,example,0356
Jeffrey,Morgan,jeffreymorgan3,example,0357
Laura,Bailey,laurabailey3,example,0358
Ryan,Howard,ryanhoward3,example,0359
Cynthia,Cox,cynthiacox3,example,0360
Jacob,Watson,jacobwatson3,example,0361
Kathleen,Wood,kathleenwood3,example,0362
Gary,Gray,garygray3,example,0363
Amy,Hughes,amyhughes3,example,0364
Nicholas,Castillo,nicholascastillo3,example,0365
Shirley,Myers,shirleymyers3,example,0366
Eric,Foster,ericfoster3,example,0367
Angela,Johnson,angelajohnson3,example,0368
Stephen,Jones,stephenjones3,example,0369
Helen,Davis,helendavis3,example,0370
Jonathan,Hernandez,jonathanhernandez3,example,0371
Anna,Wilson,annawilson3,example,0372
Larry,Taylor,larrytaylor3,example,0373
Brenda,Martin,brendamartin3,example,0374
Justin,Thompson,justinthompson3,example,0375
Pamela,Sanchez,pamelasanchez3,example,0376
Scott,Lewis,scottlewis3,example,0377
Nicole,Young,nicoleyoung3,example,0378
Brandon,Wright,brandonwright3,example,0379
Ruth,Nguyen,ruthnguyen3,example,0380
Benjamin,Green,benjamingreen3,example,0381
Katherine,Baker,katherinebaker3,example,0382
Samuel,Campbell,samuelcampbell3,example,0383
Samantha,Roberts,samantharoberts3,example,0384
Frank,Evans,frankevans3,example,0385
Christine,Parker,christineparker3,example,0386
Gregory,Collins,gregorycollins3,example,0387
Catherine,Morris,catherinemorris3,example,0388
Alexander,Cook,alexandercook3,example,0389
Virginia,Ortiz,virginiaortiz3,example,0390
Raymond,Peterson,raymondpeterson3,example,0391
Debra,Kelly,debrakelly3,example,0392
Patrick,Kim,patrickkim3,example,0393
Rachel,Richardson,rachelrichardson3,example,0394
Jack,Chavez,jackchavez3,example,0395
Carolyn,Bennett,carolynbennett3,example,0396
Dennis,Ruiz,dennisruiz3,example,0397
Janet,Alvarez,janetalvarez3,example,0398
Jerry,Patel,jerrypatel3,example,0399
Maria,Ross,mariaross3,example,0400
john,does,johnnyboy12,b'$2b$12$aXkJUguM9mA95rm.zEUjjuBTuhm2dmhluU1Znjnie6fHHPWNPj8He',0401
luke,kelle,luke,$2b$12$DvZtawt/OQG6cnKJz9CoqONjWetJTx1QcIJJkD7ierwWm/t1M6wu.,0402
Jane,Egge,Janey,$2b$12$mckg0H7YsL34/BknZBDKKukHE5nz/1pLI6gg5zAXaZ6Vzyh5sdeFe,0403
Peter,Paul,Peeeeter!!,$2b$12$8ye3maKK2MN/6s6T4fKX6.tzDuAk9vkScvPa9lu97pqxcyCaFnlqW,0404
James,Pendog,Jpendo3,$2b$12$ANV7P4F2WUIVAzs3SAY4tuPaYxq2wExh.eCARkdarYHlVlIbtO6CG,0405
Luke,Kelly,lukekello18,$2b$12$rR1nK6JvIWL84NqMChEeHOSAif6guhOr8RNOezNCNlwKjACUtjcqe,0406
Luke,Kelly,luke0976,$2b$12$rMzjALN5wphaGOflCV.qWeJ7djI6.2hB/0C.ZCeSwReHPcfvwg0ra,0407
